{
  "WorkItem": {
    "AffectedComponent": {
      "Name": "",
      "DisplayName": ""
    },
    "ClosedComment": "",
    "ClosedDate": "2012-05-01T01:12:53.607-07:00",
    "CommentCount": 0,
    "Custom": null,
    "Description": "It was installed properly but not working when I used it. The UI did not appear.\nby wired_blade on Today at 2:23 AM",
    "LastUpdatedDate": "2013-05-14T19:32:38.16-07:00",
    "PlannedForRelease": "Dual Browsing 2.0.0.0.4",
    "ReleaseVisibleToPublic": true,
    "Priority": {
      "Name": "Low",
      "Severity": 50,
      "Id": 1
    },
    "ProjectName": "ahmadmasri",
    "ReportedDate": "2012-04-25T09:36:06.033-07:00",
    "Status": {
      "Name": "Closed",
      "Id": 4
    },
    "ReasonClosed": {
      "Name": "Unassigned"
    },
    "Summary": "UI did not appear after installation.",
    "Type": {
      "Name": "Issue",
      "Id": 3
    },
    "VoteCount": 1,
    "Id": 431
  },
  "FileAttachments": [],
  "Comments": [
    {
      "Message": "Eamiled user \"wired_blade\" the Dual Browsing App requirements: .net 4 framework and runs on either Windows XP SP3, Windows Vista SP1 or later, Win7 32bit with or without SP1 Operating Systems. \r\n\r\nYou can download the .net 4 framework from: http://www.microsoft.com/download/en/details.aspx?id=17851 or from Microsoft Windows Updates under Optional download. \r\n\r\nWaiting to confirm if this helps fix the issue, otherwise will troubleshoot further once user replies with his system info to better assist him.",
      "PostedDate": "2012-04-25T09:39:35.62-07:00",
      "Id": -2147483648
    },
    {
      "Message": "",
      "PostedDate": "2012-05-01T01:12:53.607-07:00",
      "Id": -2147483648
    },
    {
      "Message": "",
      "PostedDate": "2013-02-12T20:38:24.113-08:00",
      "Id": -2147483648
    },
    {
      "Message": "",
      "PostedDate": "2013-05-14T19:32:38.16-07:00",
      "Id": -2147483648
    }
  ]
}