[
  {
    "Id": "0",
    "Name": "Dual Browsing 2.0.0.0.4",
    "DevelopmentStatus": "Stable",
    "Description": "** Updated Site Address field to allow all addresses and auto detects .com its by just typing in the name. Https, http, www, and standard web extensions are now supported. Also if a user types more than one word in the field, automatically will search and show Google results. \n\n** User can now hit the \"Enter\" to submit entry aside from clicking on the \"Go\" button.",
    "ReleasedDatge": "0001-01-01T00:00:00",
    "ModifiedDate": "2012-04-25T12:44:12.427-07:00",
    "Files": [
      {
        "Id": "36bfdfb3-35cd-454b-9f0d-d63ac72b3d94",
        "FileName": "Dual Browsing 20004.zip",
        "Url": "./0/36bfdfb3-35cd-454b-9f0d-d63ac72b3d94",
        "Type": "Application",
        "UploadDate": "2012-04-25T12:44:11.393-07:00"
      }
    ]
  },
  {
    "Id": "1",
    "Name": "Dual Browsing 1.0.0.0.0",
    "DevelopmentStatus": "Stable",
    "Description": "! Please note the following:\n\n* I setup the address bar temporarily to only accepts http:// https:// .com addresses.\n\n* Just type in the name of the website excluding: http://, https://, www., and .com; (Ex: for www.youtube.com just type: youtube then click OK).\n\n* The page splitter can be grabbed by holding down your left mouse button and move left or right.\n\n* By right clicking on the page background, you can choose to refresh, go back a page and so on.\n\nDemo video: [url:http://youtu.be/L7NTFVM3JUY]",
    "ReleasedDatge": "0001-01-01T00:00:00",
    "ModifiedDate": "2012-04-25T12:52:48.31-07:00",
    "Files": [
      {
        "Id": "5aba5c0c-7398-421a-b860-47add7b316fe",
        "FileName": "Dual Browsing.zip",
        "Url": "./1/5aba5c0c-7398-421a-b860-47add7b316fe",
        "Type": "Application",
        "UploadDate": "2012-04-19T01:08:18.153-07:00"
      },
      {
        "Id": "213507e1-9b73-436d-a28e-cab572b1672e",
        "FileName": "App.xaml.cs",
        "Url": "./1/213507e1-9b73-436d-a28e-cab572b1672e",
        "Type": "Source Code",
        "UploadDate": "2011-04-07T01:06:38.123-07:00"
      }
    ]
  },
  {
    "Id": "2",
    "Name": "Dual Browsing 2.0.0.0.5",
    "DevelopmentStatus": "Stable",
    "Description": "** Fixed major bugs with the website address field. All website addresses should be working OK now: HTTPS and HTTP.",
    "ReleasedDatge": "0001-01-01T00:00:00",
    "ModifiedDate": "2012-04-27T21:14:18.677-07:00",
    "Files": [
      {
        "Id": "c1d60eb8-a87e-4822-8722-edb1105a42b4",
        "FileName": "Dual Browsing 20005.zip",
        "Url": "./2/c1d60eb8-a87e-4822-8722-edb1105a42b4",
        "Type": "Application",
        "UploadDate": "2012-04-27T21:14:17.973-07:00"
      }
    ]
  }
]